jjjjjjjjjjjjjjjjjjjjjj,not a real transaction
jjjjjjjjjjjjjjjjjjjjjj,not a real transaction
jjjjjjjjjjjjjjjjjjjjjj,not a real transaction 
jjjjjjjjjjjjjjjjjjjjjj,not a real transaction 
jjjjjjjjjjjjjjjjjjjjjj,not a real transaction 
jjjjjjjjjjjjjjjjjjjjjj,not a real transaction 
jjjjjjjjjjjjjjjjjjjjjj,not a real transaction 
jjjjjjjjjjjjjjjjjjjjjj,not a real transaction 
jjjjjjjjjjjjjjjjjjjjjj,not a real transaction 
jjjjjjjjjjjjjjjjjjjjjj,not a real transaction 
jjjjjjjjjjjjjjjjjjjjjj,not a real transaction 
jjjjjjjjjjjjjjjjjjjjjj,not a real transaction 
d86abbb4808cf53b1b1544c3eda5c400bf65063936cb3151a8a4cda288e041ec,a real transaction 
